{
  "configVersion": 1,
  "timestamp": 1553692695535,
  "index": "/index.html",
  "assetGroups": [
    {
      "name": "app",
      "installMode": "prefetch",
      "updateMode": "prefetch",
      "urls": [
        "/5.acefef48400e03545190.js",
        "/6.4efe073b5a044a1a0faa.js",
        "/es2015-polyfills.822f73dcbee0e9da955c.js",
        "/favicon.ico",
        "/index.html",
        "/main.593e5463df9e1becc771.js",
        "/polyfills.ac7d1319c07fb27dfe0e.js",
        "/runtime.abc91fc2cfec7de43cd6.js",
        "/scripts.201cd8c2534507b4525e.js",
        "/styles.a28beb8d895669415798.css"
      ],
      "patterns": []
    },
    {
      "name": "assets",
      "installMode": "lazy",
      "updateMode": "prefetch",
      "urls": [
        "/Montserrat-Bold.88932dadc42e1bba93b2.ttf",
        "/Poppins-Bold.7940efc40d8e3b477e16.ttf",
        "/Poppins-Medium.a4e11dda40531debd374.ttf",
        "/Poppins-Regular.731a28a413d642522667.ttf",
        "/assets/fonts/montserrat/Montserrat-Black.ttf",
        "/assets/fonts/montserrat/Montserrat-BlackItalic.ttf",
        "/assets/fonts/montserrat/Montserrat-Bold.ttf",
        "/assets/fonts/montserrat/Montserrat-BoldItalic.ttf",
        "/assets/fonts/montserrat/Montserrat-ExtraBold.ttf",
        "/assets/fonts/montserrat/Montserrat-ExtraBoldItalic.ttf",
        "/assets/fonts/montserrat/Montserrat-ExtraLight.ttf",
        "/assets/fonts/montserrat/Montserrat-ExtraLightItalic.ttf",
        "/assets/fonts/montserrat/Montserrat-Italic.ttf",
        "/assets/fonts/montserrat/Montserrat-Light.ttf",
        "/assets/fonts/montserrat/Montserrat-LightItalic.ttf",
        "/assets/fonts/montserrat/Montserrat-Medium.ttf",
        "/assets/fonts/montserrat/Montserrat-MediumItalic.ttf",
        "/assets/fonts/montserrat/Montserrat-Regular.ttf",
        "/assets/fonts/montserrat/Montserrat-SemiBold.ttf",
        "/assets/fonts/montserrat/Montserrat-SemiBoldItalic.ttf",
        "/assets/fonts/montserrat/Montserrat-Thin.ttf",
        "/assets/fonts/montserrat/Montserrat-ThinItalic.ttf",
        "/assets/fonts/montserrat/OFL.txt",
        "/assets/fonts/poppins/Poppins-Black.ttf",
        "/assets/fonts/poppins/Poppins-BlackItalic.ttf",
        "/assets/fonts/poppins/Poppins-Bold.ttf",
        "/assets/fonts/poppins/Poppins-BoldItalic.ttf",
        "/assets/fonts/poppins/Poppins-ExtraBold.ttf",
        "/assets/fonts/poppins/Poppins-ExtraBoldItalic.ttf",
        "/assets/fonts/poppins/Poppins-ExtraLight.ttf",
        "/assets/fonts/poppins/Poppins-ExtraLightItalic.ttf",
        "/assets/fonts/poppins/Poppins-Italic.ttf",
        "/assets/fonts/poppins/Poppins-Light.ttf",
        "/assets/fonts/poppins/Poppins-LightItalic.ttf",
        "/assets/fonts/poppins/Poppins-Medium.ttf",
        "/assets/fonts/poppins/Poppins-MediumItalic.ttf",
        "/assets/fonts/poppins/Poppins-Regular.ttf",
        "/assets/fonts/poppins/Poppins-SemiBold.ttf",
        "/assets/fonts/poppins/Poppins-SemiBoldItalic.ttf",
        "/assets/fonts/poppins/Poppins-Thin.ttf",
        "/assets/fonts/poppins/Poppins-ThinItalic.ttf",
        "/assets/icons/icon-128x128.png",
        "/assets/icons/icon-144x144.png",
        "/assets/icons/icon-152x152.png",
        "/assets/icons/icon-192x192.png",
        "/assets/icons/icon-384x384.png",
        "/assets/icons/icon-512x512.png",
        "/assets/icons/icon-72x72.png",
        "/assets/icons/icon-96x96.png",
        "/assets/images/img-01.png",
        "/fontawesome-webfont.674f50d287a8c48dc19b.eot",
        "/fontawesome-webfont.912ec66d7572ff821749.svg",
        "/fontawesome-webfont.af7ae505a9eed503f8b8.woff2",
        "/fontawesome-webfont.b06871f281fee6b241d6.ttf",
        "/fontawesome-webfont.fee66e712a8a08eef580.woff"
      ],
      "patterns": []
    }
  ],
  "dataGroups": [],
  "hashTable": {
    "/5.acefef48400e03545190.js": "1b29814897f2b3aa4043df2e6f9d3bce2d0a7f16",
    "/6.4efe073b5a044a1a0faa.js": "94bfe5f196c9c1822ff0b2031ac1f7220fcead0c",
    "/Montserrat-Bold.88932dadc42e1bba93b2.ttf": "3320ff5514b32565b0396de4f2064ce17ec9eea4",
    "/Poppins-Bold.7940efc40d8e3b477e16.ttf": "cbe48c785f1af6bcd7320609094055e299481da9",
    "/Poppins-Medium.a4e11dda40531debd374.ttf": "5c96d1545a51c39e05ee0fcc0c3c9021f14d9c31",
    "/Poppins-Regular.731a28a413d642522667.ttf": "440dc8992517a306d66e55cb0afed0cfe9b971b5",
    "/assets/fonts/montserrat/Montserrat-Black.ttf": "b7553074657a5fff0d17afcd5a47c99116c72854",
    "/assets/fonts/montserrat/Montserrat-BlackItalic.ttf": "39dfc95afd317c6e3daf04f6106cf32e22b2951b",
    "/assets/fonts/montserrat/Montserrat-Bold.ttf": "3320ff5514b32565b0396de4f2064ce17ec9eea4",
    "/assets/fonts/montserrat/Montserrat-BoldItalic.ttf": "3e4f84f047452d1d3b262a4db5547b4baf390de8",
    "/assets/fonts/montserrat/Montserrat-ExtraBold.ttf": "6c958d968de367f05f7a6b790609f22076b3910c",
    "/assets/fonts/montserrat/Montserrat-ExtraBoldItalic.ttf": "39171d7f4db509f392b1d49696bc0b7e0f1f46b8",
    "/assets/fonts/montserrat/Montserrat-ExtraLight.ttf": "4925dcc1cf7564cd18d10bf5fb4ced7bc77e661c",
    "/assets/fonts/montserrat/Montserrat-ExtraLightItalic.ttf": "a23d10b7f93144b877fd53445ca33ee938498ff1",
    "/assets/fonts/montserrat/Montserrat-Italic.ttf": "2ff6c8d3a64ccd9f3c85dc7eef16a818af7075bc",
    "/assets/fonts/montserrat/Montserrat-Light.ttf": "08e510137064a3c9859b71cff5b999fe8c351e67",
    "/assets/fonts/montserrat/Montserrat-LightItalic.ttf": "1224ee16a3a9807ca5e89fba1c8fd4132565735b",
    "/assets/fonts/montserrat/Montserrat-Medium.ttf": "ca42fe10fa893f390472859405c7564095e4260f",
    "/assets/fonts/montserrat/Montserrat-MediumItalic.ttf": "2880cdec269b3e70365a0a41a39e16c0608d1ad5",
    "/assets/fonts/montserrat/Montserrat-Regular.ttf": "ff1eb5d360a42c0c675d8ecfca9a3e5b709d302a",
    "/assets/fonts/montserrat/Montserrat-SemiBold.ttf": "4ef29a9163b56df34a3486b98b24be3a3d0cdca6",
    "/assets/fonts/montserrat/Montserrat-SemiBoldItalic.ttf": "2ace9e4e1e9fd4d82f9de86d5acf1407518e0c3f",
    "/assets/fonts/montserrat/Montserrat-Thin.ttf": "cee83df1ec6934794d570d12e94397d5b5ca5fb5",
    "/assets/fonts/montserrat/Montserrat-ThinItalic.ttf": "62dcb447998b27a83872d75439ce35124fe08aa7",
    "/assets/fonts/montserrat/OFL.txt": "05be88ec92c1a8edab8a17ea1aa988d13154c994",
    "/assets/fonts/poppins/Poppins-Black.ttf": "86a24baced6e165f2d64901ea61b8a6f0efba553",
    "/assets/fonts/poppins/Poppins-BlackItalic.ttf": "fc9a78f39a426c701511649f274066ca380427f6",
    "/assets/fonts/poppins/Poppins-Bold.ttf": "cbe48c785f1af6bcd7320609094055e299481da9",
    "/assets/fonts/poppins/Poppins-BoldItalic.ttf": "c4ae2c23829f83d18803663ceefe74cb47af6935",
    "/assets/fonts/poppins/Poppins-ExtraBold.ttf": "6ed04065d66cbabcb49cd02e342f6459d6b2580e",
    "/assets/fonts/poppins/Poppins-ExtraBoldItalic.ttf": "497ae77063d462e927e238844659b08feaf31ac3",
    "/assets/fonts/poppins/Poppins-ExtraLight.ttf": "20c587a55713abe55f036299b397470a7eaefbbf",
    "/assets/fonts/poppins/Poppins-ExtraLightItalic.ttf": "686efa1dbebefd55d0da0b7ca9eace186ea1a8bf",
    "/assets/fonts/poppins/Poppins-Italic.ttf": "785e2a61204720cfedf09b56891b295d576640b7",
    "/assets/fonts/poppins/Poppins-Light.ttf": "ecceeecdfea053e23ee31bf56806fc39f9d32e7d",
    "/assets/fonts/poppins/Poppins-LightItalic.ttf": "898a965bd3f73617e8964c40c707b0f2def96931",
    "/assets/fonts/poppins/Poppins-Medium.ttf": "5c96d1545a51c39e05ee0fcc0c3c9021f14d9c31",
    "/assets/fonts/poppins/Poppins-MediumItalic.ttf": "8ed5a8aba7a5a33dc9898992aecb424ca8abd6f0",
    "/assets/fonts/poppins/Poppins-Regular.ttf": "440dc8992517a306d66e55cb0afed0cfe9b971b5",
    "/assets/fonts/poppins/Poppins-SemiBold.ttf": "0dbbb6d5a8fa0f9ece415dda4a69c8aa6595fba5",
    "/assets/fonts/poppins/Poppins-SemiBoldItalic.ttf": "c9ff23ca310c140c175a46d516e6cc261d8b9751",
    "/assets/fonts/poppins/Poppins-Thin.ttf": "b55ce67e46964f1230492a16ef40a6186335658c",
    "/assets/fonts/poppins/Poppins-ThinItalic.ttf": "6970a931d62a40d6d32a46abb91f754b8a24877c",
    "/assets/icons/icon-128x128.png": "dae3b6ed49bdaf4327b92531d4b5b4a5d30c7532",
    "/assets/icons/icon-144x144.png": "b0bd89982e08f9bd2b642928f5391915b74799a7",
    "/assets/icons/icon-152x152.png": "7479a9477815dfd9668d60f8b3b2fba709b91310",
    "/assets/icons/icon-192x192.png": "1abd80d431a237a853ce38147d8c63752f10933b",
    "/assets/icons/icon-384x384.png": "329749cd6393768d3131ed6304c136b1ca05f2fd",
    "/assets/icons/icon-512x512.png": "559d9c4318b45a1f2b10596bbb4c960fe521dbcc",
    "/assets/icons/icon-72x72.png": "c457e56089a36952cd67156f9996bc4ce54a5ed9",
    "/assets/icons/icon-96x96.png": "3914125a4b445bf111c5627875fc190f560daa41",
    "/assets/images/img-01.png": "090e4094410c6d3166c95c32d3a5e76bc549ea8c",
    "/es2015-polyfills.822f73dcbee0e9da955c.js": "018be373ae4c7714a9968bc97054d6217c7e369f",
    "/favicon.ico": "84161b857f5c547e3699ddfbffc6d8d737542e01",
    "/fontawesome-webfont.674f50d287a8c48dc19b.eot": "d980c2ce873dc43af460d4d572d441304499f400",
    "/fontawesome-webfont.912ec66d7572ff821749.svg": "98a8aa5cf7d62c2eff5f07ede8d844b874ef06ed",
    "/fontawesome-webfont.af7ae505a9eed503f8b8.woff2": "d6f48cba7d076fb6f2fd6ba993a75b9dc1ecbf0c",
    "/fontawesome-webfont.b06871f281fee6b241d6.ttf": "13b1eab65a983c7a73bc7997c479d66943f7c6cb",
    "/fontawesome-webfont.fee66e712a8a08eef580.woff": "28b782240b3e76db824e12c02754a9731a167527",
    "/index.html": "9e0b8800bb106056618ad8b2639593d60134dc30",
    "/main.593e5463df9e1becc771.js": "c392b0ab0f8196e4d449eef949bf23892a0ebfd4",
    "/polyfills.ac7d1319c07fb27dfe0e.js": "ee72084b02e2d3b5bfb08c00764bb2c0929a65e9",
    "/runtime.abc91fc2cfec7de43cd6.js": "d4783ad4fae54275c64d8823bb50d41527e67cf5",
    "/scripts.201cd8c2534507b4525e.js": "d355af45fc60ca3ed82b2e265c6f3f558c47aaf1",
    "/styles.a28beb8d895669415798.css": "c1cb8bba1989a94bd37bdb6d2126407399759354"
  },
  "navigationUrls": [
    {
      "positive": true,
      "regex": "^\\/.*$"
    },
    {
      "positive": false,
      "regex": "^\\/(?:.+\\/)?[^/]*\\.[^/]*$"
    },
    {
      "positive": false,
      "regex": "^\\/(?:.+\\/)?[^/]*__[^/]*$"
    },
    {
      "positive": false,
      "regex": "^\\/(?:.+\\/)?[^/]*__[^/]*\\/.*$"
    }
  ]
}